time,strategy,symbol,side,type,status,multiplier,time_in_force,asset.strike,asset.multiplier,asset.asset_type,price,filled_quantity,trade_cost
2019-01-17 09:30:00-05:00,MLTrader,SPY,sell,market,new,1,gtc,0.0,1,stock,,,
2019-01-17 09:30:00-05:00,MLTrader,SPY,sell,market,fill,1,gtc,0.0,1,stock,260.010009765625,192.0,0.0
2019-02-05 09:30:00-05:00,MLTrader,SPY,buy,limit,canceled,1,day,0.0,1,stock,,,
2019-02-05 09:30:00-05:00,MLTrader,SPY,buy,stop,fill,1,day,0.0,1,stock,273.01051025390626,192.0,0.0
2019-04-10 09:30:00-04:00,MLTrader,SPY,sell,market,new,1,gtc,0.0,1,stock,,,
2019-04-10 09:30:00-04:00,MLTrader,SPY,sell,market,fill,1,gtc,0.0,1,stock,288.8299865722656,169.0,0.0
2019-05-02 09:30:00-04:00,MLTrader,SPY,buy,stop,canceled,1,day,0.0,1,stock,,,
2019-05-02 09:30:00-04:00,MLTrader,SPY,buy,limit,canceled,1,day,0.0,1,stock,,,
2019-05-02 09:30:00-04:00,MLTrader,SPY,buy,market,new,1,day,0.0,1,stock,,,
2019-05-02 09:30:00-04:00,MLTrader,SPY,buy,market,new,1,gtc,0.0,1,stock,,,
2019-05-02 09:30:00-04:00,MLTrader,SPY,buy,market,fill,1,gtc,0.0,1,stock,292.82000732421875,250.0,0.0
2019-05-02 09:30:00-04:00,MLTrader,SPY,buy,market,fill,1,day,0.0,1,stock,292.82000732421875,169.0,0.0
2019-05-28 08:30:00-04:00,MLTrader,SPY,sell,limit,canceled,1,day,0.0,1,stock,,,
2019-05-28 08:30:00-04:00,MLTrader,SPY,sell,stop,fill,1,day,0.0,1,stock,278.1790069580078,250.0,0.0
2019-06-18 09:30:00-04:00,MLTrader,SPY,sell,market,new,1,gtc,0.0,1,stock,,,
2019-06-18 09:30:00-04:00,MLTrader,SPY,sell,market,fill,1,gtc,0.0,1,stock,292.54998779296875,159.0,0.0
2019-07-18 09:30:00-04:00,MLTrader,SPY,sell,market,new,1,gtc,0.0,1,stock,,,
2019-07-18 09:30:00-04:00,MLTrader,SPY,sell,market,fill,1,gtc,0.0,1,stock,300.0400085449219,233.0,0.0
2019-09-05 09:30:00-04:00,MLTrader,SPY,sell,market,new,1,gtc,0.0,1,stock,,,
2019-09-05 09:30:00-04:00,MLTrader,SPY,sell,market,fill,1,gtc,0.0,1,stock,298.1700134277344,351.0,0.0
2019-09-19 09:30:00-04:00,MLTrader,SPY,sell,market,new,1,gtc,0.0,1,stock,,,
2019-09-19 09:30:00-04:00,MLTrader,SPY,sell,market,fill,1,gtc,0.0,1,stock,300.3599853515625,523.0,0.0
2019-11-04 08:30:00-05:00,MLTrader,SPY,buy,limit,canceled,1,day,0.0,1,stock,,,
2019-11-04 08:30:00-05:00,MLTrader,SPY,buy,stop,fill,1,day,0.0,1,stock,307.8500061035156,159.0,0.0
2019-11-25 08:30:00-05:00,MLTrader,SPY,buy,limit,canceled,1,day,0.0,1,stock,,,
2019-11-25 08:30:00-05:00,MLTrader,SPY,buy,stop,fill,1,day,0.0,1,stock,313.0785140991211,351.0,0.0
2019-11-27 09:30:00-05:00,MLTrader,SPY,buy,limit,canceled,1,day,0.0,1,stock,,,
2019-11-27 09:30:00-05:00,MLTrader,SPY,buy,stop,fill,1,day,0.0,1,stock,315.042008972168,233.0,0.0
2019-11-27 09:30:00-05:00,MLTrader,SPY,buy,limit,canceled,1,day,0.0,1,stock,,,
2019-11-27 09:30:00-05:00,MLTrader,SPY,buy,stop,fill,1,day,0.0,1,stock,315.37798461914065,523.0,0.0
2020-02-03 09:30:00-05:00,MLTrader,SPY,sell,market,new,1,gtc,0.0,1,stock,,,
2020-02-03 09:30:00-05:00,MLTrader,SPY,sell,market,fill,1,gtc,0.0,1,stock,323.3500061035156,115.0,0.0
2020-02-10 09:30:00-05:00,MLTrader,SPY,sell,market,new,1,gtc,0.0,1,stock,,,
2020-02-10 09:30:00-05:00,MLTrader,SPY,sell,market,fill,1,gtc,0.0,1,stock,331.2300109863281,168.0,0.0
2020-02-13 09:30:00-05:00,MLTrader,SPY,sell,market,new,1,gtc,0.0,1,stock,,,
2020-02-13 09:30:00-05:00,MLTrader,SPY,sell,market,fill,1,gtc,0.0,1,stock,335.8599853515625,249.0,0.0
2020-03-06 09:30:00-05:00,MLTrader,SPY,sell,market,new,1,gtc,0.0,1,stock,,,
2020-03-06 09:30:00-05:00,MLTrader,SPY,sell,market,fill,1,gtc,0.0,1,stock,293.1499938964844,427.0,0.0
2020-03-09 09:30:00-04:00,MLTrader,SPY,sell,market,new,1,gtc,0.0,1,stock,,,
2020-03-09 09:30:00-04:00,MLTrader,SPY,sell,market,fill,1,gtc,0.0,1,stock,284.6400146484375,660.0,0.0
2020-03-11 09:30:00-04:00,MLTrader,SPY,buy,stop,canceled,1,day,0.0,1,stock,,,
2020-03-11 09:30:00-04:00,MLTrader,SPY,buy,limit,fill,1,day,0.0,1,stock,256.0,168.0,0.0
2020-03-11 09:30:00-04:00,MLTrader,SPY,buy,stop,canceled,1,day,0.0,1,stock,,,
2020-03-11 09:30:00-04:00,MLTrader,SPY,buy,limit,fill,1,day,0.0,1,stock,256.0,249.0,0.0
2020-03-11 09:30:00-04:00,MLTrader,SPY,buy,stop,canceled,1,day,0.0,1,stock,,,
2020-03-11 09:30:00-04:00,MLTrader,SPY,buy,limit,fill,1,day,0.0,1,stock,256.0,115.0,0.0
2020-03-17 09:30:00-04:00,MLTrader,SPY,buy,stop,canceled,1,day,0.0,1,stock,,,
2020-03-17 09:30:00-04:00,MLTrader,SPY,buy,limit,fill,1,day,0.0,1,stock,234.5199951171875,427.0,0.0
2020-04-13 09:30:00-04:00,MLTrader,SPY,sell,market,new,1,gtc,0.0,1,stock,,,
2020-04-13 09:30:00-04:00,MLTrader,SPY,sell,market,fill,1,gtc,0.0,1,stock,280.9800109863281,582.0,0.0
2020-04-27 09:30:00-04:00,MLTrader,SPY,buy,stop,canceled,1,day,0.0,1,stock,,,
2020-04-27 09:30:00-04:00,MLTrader,SPY,buy,stop,canceled,1,day,0.0,1,stock,,,
2020-04-27 09:30:00-04:00,MLTrader,SPY,buy,limit,canceled,1,day,0.0,1,stock,,,
2020-04-27 09:30:00-04:00,MLTrader,SPY,buy,limit,canceled,1,day,0.0,1,stock,,,
2020-04-27 09:30:00-04:00,MLTrader,SPY,buy,market,new,1,day,0.0,1,stock,,,
2020-04-27 09:30:00-04:00,MLTrader,SPY,buy,market,new,1,gtc,0.0,1,stock,,,
2020-04-27 09:30:00-04:00,MLTrader,SPY,buy,market,fill,1,day,0.0,1,stock,291.0199890136719,1242.0,0.0
2020-04-27 09:30:00-04:00,MLTrader,SPY,buy,market,fill,1,gtc,0.0,1,stock,291.0199890136719,843.0,0.0
2020-05-13 09:30:00-04:00,MLTrader,SPY,sell,limit,canceled,1,day,0.0,1,stock,,,
2020-05-13 09:30:00-04:00,MLTrader,SPY,sell,stop,fill,1,day,0.0,1,stock,276.46898956298827,843.0,0.0
2020-06-15 09:30:00-04:00,MLTrader,SPY,sell,market,new,1,gtc,0.0,1,stock,,,
2020-06-15 09:30:00-04:00,MLTrader,SPY,sell,market,fill,1,gtc,0.0,1,stock,315.4800109863281,186.0,0.0
2020-06-22 09:30:00-04:00,MLTrader,SPY,sell,market,new,1,gtc,0.0,1,stock,,,
2020-06-22 09:30:00-04:00,MLTrader,SPY,sell,market,fill,1,gtc,0.0,1,stock,313.489990234375,280.0,0.0
2020-06-25 09:30:00-04:00,MLTrader,SPY,buy,limit,canceled,1,day,0.0,1,stock,,,
2020-06-25 09:30:00-04:00,MLTrader,SPY,buy,stop,canceled,1,day,0.0,1,stock,,,
2020-06-25 09:30:00-04:00,MLTrader,SPY,buy,stop,canceled,1,day,0.0,1,stock,,,
2020-06-25 09:30:00-04:00,MLTrader,SPY,buy,limit,canceled,1,day,0.0,1,stock,,,
2020-06-25 09:30:00-04:00,MLTrader,SPY,buy,market,new,1,day,0.0,1,stock,,,
2020-06-25 09:30:00-04:00,MLTrader,SPY,buy,market,new,1,gtc,0.0,1,stock,,,
2020-06-25 09:30:00-04:00,MLTrader,SPY,buy,market,fill,1,gtc,0.0,1,stock,306.1600036621094,430.0,0.0
2020-06-25 09:30:00-04:00,MLTrader,SPY,buy,market,fill,1,day,0.0,1,stock,306.1600036621094,466.0,0.0
2020-12-01 09:30:00-05:00,MLTrader,SPY,sell,stop,canceled,1,day,0.0,1,stock,,,
2020-12-01 09:30:00-05:00,MLTrader,SPY,sell,limit,fill,1,day,0.0,1,stock,367.3920043945312,430.0,0.0
2021-07-16 09:30:00-04:00,MLTrader,SPY,sell,market,new,1,gtc,0.0,1,stock,,,
2021-07-16 09:30:00-04:00,MLTrader,SPY,sell,market,fill,1,gtc,0.0,1,stock,436.010009765625,169.0,0.0
2021-10-25 08:30:00-04:00,MLTrader,SPY,buy,limit,canceled,1,day,0.0,1,stock,,,
2021-10-25 08:30:00-04:00,MLTrader,SPY,buy,stop,fill,1,day,0.0,1,stock,457.8105102539063,169.0,0.0
2022-01-21 09:30:00-05:00,MLTrader,SPY,sell,market,new,1,gtc,0.0,1,stock,,,
2022-01-21 09:30:00-05:00,MLTrader,SPY,sell,market,fill,1,gtc,0.0,1,stock,445.55999755859375,161.0,0.0
2022-03-04 09:30:00-05:00,MLTrader,SPY,sell,market,new,1,gtc,0.0,1,stock,,,
2022-03-04 09:30:00-05:00,MLTrader,SPY,sell,market,fill,1,gtc,0.0,1,stock,431.75,249.0,0.0
2022-03-18 09:30:00-04:00,MLTrader,SPY,sell,market,new,1,gtc,0.0,1,stock,,,
2022-03-18 09:30:00-04:00,MLTrader,SPY,sell,market,fill,1,gtc,0.0,1,stock,438.0,369.0,0.0
2022-03-24 09:30:00-04:00,MLTrader,SPY,sell,market,new,1,gtc,0.0,1,stock,,,
2022-03-24 09:30:00-04:00,MLTrader,SPY,sell,market,fill,1,gtc,0.0,1,stock,451.1600036621094,537.0,0.0
2022-03-28 08:30:00-04:00,MLTrader,SPY,buy,limit,canceled,1,day,0.0,1,stock,,,
2022-03-28 08:30:00-04:00,MLTrader,SPY,buy,stop,fill,1,day,0.0,1,stock,460.0199890136719,369.0,0.0
2022-03-28 08:30:00-04:00,MLTrader,SPY,buy,limit,canceled,1,day,0.0,1,stock,,,
2022-03-28 08:30:00-04:00,MLTrader,SPY,buy,stop,fill,1,day,0.0,1,stock,460.0199890136719,249.0,0.0
2022-04-22 09:30:00-04:00,MLTrader,SPY,sell,market,new,1,gtc,0.0,1,stock,,,
2022-04-22 09:30:00-04:00,MLTrader,SPY,sell,market,fill,1,gtc,0.0,1,stock,436.9100036621094,506.0,0.0
2022-04-27 09:30:00-04:00,MLTrader,SPY,sell,market,new,1,gtc,0.0,1,stock,,,
2022-04-27 09:30:00-04:00,MLTrader,SPY,sell,market,fill,1,gtc,0.0,1,stock,422.2900085449219,786.0,0.0
2022-04-28 09:30:00-04:00,MLTrader,SPY,sell,market,new,1,gtc,0.0,1,stock,,,
2022-04-28 09:30:00-04:00,MLTrader,SPY,sell,market,fill,1,gtc,0.0,1,stock,423.5899963378906,1175.0,0.0
2022-06-10 09:30:00-04:00,MLTrader,SPY,sell,market,new,1,gtc,0.0,1,stock,,,
2022-06-10 09:30:00-04:00,MLTrader,SPY,sell,market,fill,1,gtc,0.0,1,stock,394.8800048828125,1891.0,0.0
2022-07-08 09:30:00-04:00,MLTrader,SPY,buy,stop,canceled,1,day,0.0,1,stock,,,
2022-07-08 09:30:00-04:00,MLTrader,SPY,buy,limit,canceled,1,day,0.0,1,stock,,,
2022-07-08 09:30:00-04:00,MLTrader,SPY,buy,stop,canceled,1,day,0.0,1,stock,,,
2022-07-08 09:30:00-04:00,MLTrader,SPY,buy,limit,canceled,1,day,0.0,1,stock,,,
2022-07-08 09:30:00-04:00,MLTrader,SPY,buy,stop,canceled,1,day,0.0,1,stock,,,
2022-07-08 09:30:00-04:00,MLTrader,SPY,buy,limit,canceled,1,day,0.0,1,stock,,,
2022-07-08 09:30:00-04:00,MLTrader,SPY,buy,limit,canceled,1,day,0.0,1,stock,,,
2022-07-08 09:30:00-04:00,MLTrader,SPY,buy,limit,canceled,1,day,0.0,1,stock,,,
2022-07-08 09:30:00-04:00,MLTrader,SPY,buy,stop,canceled,1,day,0.0,1,stock,,,
2022-07-08 09:30:00-04:00,MLTrader,SPY,buy,stop,canceled,1,day,0.0,1,stock,,,
2022-07-08 09:30:00-04:00,MLTrader,SPY,buy,limit,canceled,1,day,0.0,1,stock,,,
2022-07-08 09:30:00-04:00,MLTrader,SPY,buy,stop,canceled,1,day,0.0,1,stock,,,
2022-07-08 09:30:00-04:00,MLTrader,SPY,buy,market,new,1,day,0.0,1,stock,,,
2022-07-08 09:30:00-04:00,MLTrader,SPY,buy,market,new,1,gtc,0.0,1,stock,,,
2022-07-08 09:30:00-04:00,MLTrader,SPY,buy,market,fill,1,gtc,0.0,1,stock,387.2699890136719,2892.0,0.0
2022-07-08 09:30:00-04:00,MLTrader,SPY,buy,market,fill,1,day,0.0,1,stock,387.2699890136719,5056.0,0.0
2022-09-22 09:30:00-04:00,MLTrader,SPY,sell,limit,canceled,1,day,0.0,1,stock,,,
2022-09-22 09:30:00-04:00,MLTrader,SPY,sell,stop,fill,1,day,0.0,1,stock,367.90648956298827,2892.0,0.0
2022-09-27 09:30:00-04:00,MLTrader,SPY,sell,market,new,1,gtc,0.0,1,stock,,,
2022-09-27 09:30:00-04:00,MLTrader,SPY,sell,market,fill,1,gtc,0.0,1,stock,364.3800048828125,310.0,0.0
2022-09-28 09:30:00-04:00,MLTrader,SPY,sell,market,new,1,gtc,0.0,1,stock,,,
2022-09-28 09:30:00-04:00,MLTrader,SPY,sell,market,fill,1,gtc,0.0,1,stock,366.80999755859375,462.0,0.0
2022-10-24 08:30:00-04:00,MLTrader,SPY,buy,limit,canceled,1,day,0.0,1,stock,,,
2022-10-24 08:30:00-04:00,MLTrader,SPY,buy,stop,fill,1,day,0.0,1,stock,385.15049743652344,462.0,0.0
2022-10-24 08:30:00-04:00,MLTrader,SPY,buy,limit,canceled,1,day,0.0,1,stock,,,
2022-10-24 08:30:00-04:00,MLTrader,SPY,buy,stop,fill,1,day,0.0,1,stock,382.59900512695316,310.0,0.0
2023-01-19 09:30:00-05:00,MLTrader,SPY,sell,market,new,1,gtc,0.0,1,stock,,,
2023-01-19 09:30:00-05:00,MLTrader,SPY,sell,market,fill,1,gtc,0.0,1,stock,389.3599853515625,272.0,0.0
2023-02-01 09:30:00-05:00,MLTrader,SPY,buy,limit,canceled,1,day,0.0,1,stock,,,
2023-02-01 09:30:00-05:00,MLTrader,SPY,buy,stop,fill,1,day,0.0,1,stock,408.82798461914064,272.0,0.0
2023-04-10 09:30:00-04:00,MLTrader,SPY,sell,market,new,1,gtc,0.0,1,stock,,,
2023-04-10 09:30:00-04:00,MLTrader,SPY,sell,market,fill,1,gtc,0.0,1,stock,410.260009765625,252.0,0.0
2023-06-06 09:30:00-04:00,MLTrader,SPY,buy,stop,canceled,1,day,0.0,1,stock,,,
2023-06-06 09:30:00-04:00,MLTrader,SPY,buy,limit,canceled,1,day,0.0,1,stock,,,
2023-06-06 09:30:00-04:00,MLTrader,SPY,buy,market,new,1,day,0.0,1,stock,,,
2023-06-06 09:30:00-04:00,MLTrader,SPY,buy,market,new,1,gtc,0.0,1,stock,,,
2023-06-06 09:30:00-04:00,MLTrader,SPY,buy,market,fill,1,day,0.0,1,stock,428.44000244140625,252.0,0.0
2023-06-06 09:30:00-04:00,MLTrader,SPY,buy,market,fill,1,gtc,0.0,1,stock,428.44000244140625,362.0,0.0
2023-06-12 09:30:00-04:00,MLTrader,SPY,sell,limit,canceled,1,day,0.0,1,stock,,,
2023-06-12 09:30:00-04:00,MLTrader,SPY,sell,stop,canceled,1,day,0.0,1,stock,,,
2023-06-12 09:30:00-04:00,MLTrader,SPY,sell,market,new,1,day,0.0,1,stock,,,
2023-06-12 09:30:00-04:00,MLTrader,SPY,sell,market,new,1,gtc,0.0,1,stock,,,
2023-06-12 09:30:00-04:00,MLTrader,SPY,sell,market,fill,1,gtc,0.0,1,stock,435.32000732421875,54.0,0.0
2023-06-12 09:30:00-04:00,MLTrader,SPY,sell,market,fill,1,day,0.0,1,stock,435.32000732421875,362.0,0.0
2023-06-29 09:30:00-04:00,MLTrader,SPY,sell,market,new,1,gtc,0.0,1,stock,,,
2023-06-29 09:30:00-04:00,MLTrader,SPY,sell,market,fill,1,gtc,0.0,1,stock,441.44000244140625,258.0,0.0
2023-07-26 09:30:00-04:00,MLTrader,SPY,buy,limit,canceled,1,day,0.0,1,stock,,,
2023-07-26 09:30:00-04:00,MLTrader,SPY,buy,stop,fill,1,day,0.0,1,stock,459.0199890136719,54.0,0.0
2023-08-01 09:30:00-04:00,MLTrader,SPY,sell,market,new,1,gtc,0.0,1,stock,,,
2023-08-01 09:30:00-04:00,MLTrader,SPY,sell,market,fill,1,gtc,0.0,1,stock,453.25,350.0,0.0
2023-08-11 09:30:00-04:00,MLTrader,SPY,sell,market,new,1,gtc,0.0,1,stock,,,
2023-08-11 09:30:00-04:00,MLTrader,SPY,sell,market,fill,1,gtc,0.0,1,stock,443.9700012207031,536.0,0.0
2023-08-21 09:30:00-04:00,MLTrader,SPY,sell,market,new,1,gtc,0.0,1,stock,,,
2023-08-21 09:30:00-04:00,MLTrader,SPY,sell,market,fill,1,gtc,0.0,1,stock,441.17999267578125,809.0,0.0
2023-09-08 09:30:00-04:00,MLTrader,SPY,sell,market,new,1,gtc,0.0,1,stock,,,
2023-09-08 09:30:00-04:00,MLTrader,SPY,sell,market,fill,1,gtc,0.0,1,stock,444.8999938964844,1203.0,0.0
2023-11-02 09:30:00-04:00,MLTrader,SPY,sell,market,new,1,gtc,0.0,1,stock,,,
2023-11-02 09:30:00-04:00,MLTrader,SPY,sell,market,fill,1,gtc,0.0,1,stock,433.1400146484375,1853.0,0.0
2023-11-13 09:30:00-05:00,MLTrader,SPY,sell,market,new,1,gtc,0.0,1,stock,,,
2023-11-13 09:30:00-05:00,MLTrader,SPY,sell,market,fill,1,gtc,0.0,1,stock,439.2300109863281,2741.0,0.0
2023-11-16 09:30:00-05:00,MLTrader,SPY,buy,stop,canceled,1,day,0.0,1,stock,,,
2023-11-16 09:30:00-05:00,MLTrader,SPY,buy,stop,canceled,1,day,0.0,1,stock,,,
2023-11-16 09:30:00-05:00,MLTrader,SPY,buy,stop,canceled,1,day,0.0,1,stock,,,
2023-11-16 09:30:00-05:00,MLTrader,SPY,buy,limit,canceled,1,day,0.0,1,stock,,,
2023-11-16 09:30:00-05:00,MLTrader,SPY,buy,limit,canceled,1,day,0.0,1,stock,,,
2023-11-16 09:30:00-05:00,MLTrader,SPY,buy,limit,canceled,1,day,0.0,1,stock,,,
2023-11-16 09:30:00-05:00,MLTrader,SPY,buy,stop,canceled,1,day,0.0,1,stock,,,
2023-11-16 09:30:00-05:00,MLTrader,SPY,buy,limit,canceled,1,day,0.0,1,stock,,,
2023-11-16 09:30:00-05:00,MLTrader,SPY,buy,limit,canceled,1,day,0.0,1,stock,,,
2023-11-16 09:30:00-05:00,MLTrader,SPY,buy,stop,canceled,1,day,0.0,1,stock,,,
2023-11-16 09:30:00-05:00,MLTrader,SPY,buy,stop,canceled,1,day,0.0,1,stock,,,
2023-11-16 09:30:00-05:00,MLTrader,SPY,buy,limit,canceled,1,day,0.0,1,stock,,,
2023-11-16 09:30:00-05:00,MLTrader,SPY,buy,stop,canceled,1,day,0.0,1,stock,,,
2023-11-16 09:30:00-05:00,MLTrader,SPY,buy,limit,canceled,1,day,0.0,1,stock,,,
2023-11-16 09:30:00-05:00,MLTrader,SPY,buy,market,new,1,day,0.0,1,stock,,,
2023-11-16 09:30:00-05:00,MLTrader,SPY,buy,market,new,1,gtc,0.0,1,stock,,,
2023-11-16 09:30:00-05:00,MLTrader,SPY,buy,market,fill,1,day,0.0,1,stock,449.2200012207031,7750.0,0.0
2023-11-16 09:30:00-05:00,MLTrader,SPY,buy,market,fill,1,gtc,0.0,1,stock,449.2200012207031,4021.0,0.0
